rank,target,source,transcription
1,lekko,легко; злегка,лекко
2,żaden,жоден; ніякий,жаден
3,zobaczyć,побачити; роздивитись,зобачич
4,ramię,плече; рука,рамєнє
5,twój,твій,тфуй
6,sprawa,справа; питання,справа
7,doktor,лікар; доктор,доктор
8,młody,молодий,млоди
9,dziesięć,десять,джесьєнч
10,następnie,потім; далі,настемпнє
11,możliwość,можливість,можлівощч
12,spotkanie,зустріч,спотканє
13,umowa,договір,умова
14,przygotować,підготувати,пшиготовач
15,rozwiązać,вирішити; розв’язати,розвйонзач
16,opóźnienie,затримка,опужнєнє
17,odpowiedź,відповідь,одповєдж
18,praca,робота,праца
19,doświadczenie,досвід,дошвядченє
20,zaplanować,запланувати,заплановаць
21,szczególnie,особливо,щчегульнє
22,ważny,важливий,важни
23,potrzebny,потрібний,потршебни
24,spokojnie,спокійно,спокойнє
25,wyraźnie,чітко; ясно,виразьнє
26,oczekiwać,очікувати,очеківач
27,zmiana,зміна,змяна
28,sytuacja,ситуація,ситуація
29,decyzja,рішення; ухвала,децизйя
30,warunek,умова; вимога,варунек
31,zależny,залежний,залєжни
32,niezależnie,незалежно,нєзалєжнє
33,możliwy,можливий,можлівий
34,konsekwencja,наслідок; послідовність,консеквенця
35,przykład,приклад,пшиклад
36,argument,аргумент,аргумент
37,propozycja,пропозиція,пропозиція
38,rozmowa,розмова,розмова
39,ustalić,узгодити; встановити,усталіч
40,podejście,підхід,подейшчє
41,planować,планувати,плановаць
42,wybrać,обрати; вибрати,вибрач
43,spodziewać,очікувати; сподіватись,сподзєвач
44,różnica,різниця,ружніца
45,zachowanie,поведінка,захованє
46,wpływ,вплив,вплив
47,korzyść,користь; вигода,кожищч
48,odpowiedni,відповідний,одповєдні
49,przypadek,випадок,пшипадек
50,rezultat,результат,результат
51,określić,визначити; окреслити,окрешліч
52,osiągnąć,досягти,осягноньч
53,udział,участь,удзял
54,porozumienie,домовленість; порозуміння,порозумєнє
55,zgodzić,погодитись,згодзіч
56,propozycja,пропозиція,пропозиція
57,odmówić,відмовити,одмувіч
58,zaakceptować,прийняти; схвалити,заакцептоваць
59,rozważyć,розглянути,розважич
60,dotyczyć,стосуватися,дотичич
61,wynikać,випливати; виходити,виникач
62,zakres,обсяг; діапазон,закрес
63,etap,етап; стадія,етап
64,cel,мета; ціль,цель
65,środek,засіб; середина,шродек
66,warunki,умови,варункі
67,zmniejszyć,зменшити,змнєйшич
68,zwiększyć,збільшити,звєнкшич
69,dostępny,доступний,достемпни
70,brak,відсутність; брак,брак
71,problem,проблема,проблем
72,rozwiązanie,рішення; розв’язання,розвйонзанє
73,ocena,оцінка,оцена
74,wynik,результат; підсумок,виник
75,czynnik,фактор; чинник,чиннік
76,proces,процес,процес
77,etapowy,поетапний,етапови
78,standard,стандарт,стандарт
79,zakładać,припускати; передбачати,зауладач
80,wyjaśnienie,пояснення,вияшнєнє
81,uzasadnienie,обґрунтування,узасаднєнє
82,termin,термін; строк,термін
83,priorytet,пріоритет,пріоритет
84,efekt,ефект; результат,ефект
85,istotny,суттєвий; важливий,істотни
86,konieczny,необхідний,конєчни
87,korzystny,вигідний; корисний,кожистни
88,negatywny,негативний,негативни
89,pozytywny,позитивний,позитивни
90,ryzyko,ризик,ризико
91,decydujący,вирішальний,децидуёнци
92,wpływać,впливати,впливати
93,utrzymać,утримати; зберегти,утшимаць
94,stracić,втратити,страчич
95,osiągalny,досяжний,осягальни
96,niezbędny,необхідний; незамінний,нєзбендни
97,alternatywa,альтернатива,альтернатива
98,porównać,порівняти,порувнач
99,równy,рівний; однаковий,рувни
100,zależność,залежність,залєжнощч
101,oczekiwanie,очікування,очеківанє
102,zaangażowanie,залученість; зацікавленість,заангажованє
103,odpowiedzialność,відповідальність,одповєджальнoщч
104,zobowiązanie,зобов’язання,зобовйонзанє
105,przewidywać,передбачати,пшевідівач
106,realizacja,реалізація,реалізація
107,skuteczny,ефективний; дієвий,скутечни
108,nieskuteczny,неефективний,нєскутечни
109,wystarczający,достатній,вистарчонци
110,niewystarczający,недостатній,нєвистарчонци
111,przebieg,перебіг; хід,пшебієґ
112,zakładając,припускаючи; враховуючи,зауладайонц
113,podejmować,ухвалювати; братися,подеймовач
114,zrezygnować,відмовитись,зрезиґновач
115,utrzymanie,утримання; підтримка,утшіманє
116,zapewnienie,забезпечення,запевнєнє
117,wdrożenie,впровадження,вдрошенє
118,ocenić,оцінити,оценіч
119,uzyskać,отримати; здобути,узискач
120,struktura,структура,структура
121,zakłócenie,порушення; збій,зауклоченє
122,ciągłość,безперервність,чонґлощч
123,elastyczny,гнучкий,еластични
124,sztywny,жорсткий,штивни
125,ograniczenie,обмеження,огранічeнє
126,rozszerzyć,розширити,рошшержич
127,skrócić,скоротити,скручич
128,wydłużyć,подовжити,видлужич
129,przewaga,перевага,пшевaґa
130,wada,недолік; вада,вада
131,zaleta,перевага; плюс,залєта
132,przeciwny,протилежний,пшечивни
133,identyczny,ідентичний,ідентични
134,podobny,подібний,подобни
135,rzetelny,надійний; сумлінний,жетельни
136,dokładny,точний; ретельний,докладни
137,niedokładny,неточний,нєдокладни
138,wiarygodny,достовірний; надійний,вяріґодни
139,ryzykowny,ризикований,ризиковни
140,bezpieczny,безпечний,безпечни
141,zabezpieczyć,убезпечити; забезпечити,забезпечич
142,usprawnić,покращити; оптимізувати,усправніч
143,pogorszyć,погіршити,погожшич
144,stabilny,стабільний,стабільни
145,niestabilny,нестабільний,нєстабільни
146,przerwa,перерва,пшервa
147,wznowić,відновити,взновіч
148,zakończyć,завершити,закончич
149,rozpocząć,розпочати,розпочонщ
150,kontynuować,продовжувати,континуовач
151,wynagrodzenie,винагорода; зарплата,винаґродзенє
152,obowiązek,обов’язок,обовйонзек
153,uprawnienie,повноваження; право,управнєнє
154,zgłoszenie,повідомлення; заявка,зґлошенє
155,wniosek,заява; висновок,вньосек
156,procedura,процедура,процедура
157,regulamin,регламент; правила,реґуламін
158,zasada,правило; принцип,засада
159,wyjątek,виняток,вийонтек
160,terminowy,своєчасний; терміновий,термінови
161,opóźniony,запізнілий; прострочений,опужньони
162,aktualny,актуальний; чинний,актуальни
163,nieaktualny,неактуальний; застарілий,нєактуальни
164,zatwierdzić,затвердити,затвєрджич
165,odrzucić,відхилити,оджучич
166,zaakceptowany,прийнятий; схвалений,заакцептовани
167,odrzucony,відхилений,оджучони
168,przedstawić,представити; подати,пшедставіч
169,omówić,обговорити,омувіч
170,ustalenie,узгодження; встановлення,усталєнє
171,potwierdzić,підтвердити,потвєрджич
172,zaprzeczyć,заперечити,запжечич
173,zgłosić,заявити; повідомити,зґлошич
174,odpowiadać,відповідати; відповідати чомусь,одповядайч
175,przekazać,передати,пшекaзач
176,otrzymać,отримати,отримач
177,dostarczyć,доставити; надати,достарчич
178,udostępnić,надати доступ,удостемпніч
179,zablokować,заблокувати,заблоковач
180,odblokować,розблокувати,одблоковач
181,sprawdzić,перевірити,справджич
182,zweryfikować,перевірити; верифікувати,звєрифіковач
183,poprawny,правильний; коректний,поправни
184,niepoprawny,неправильний; помилковий,нєпоправни
185,błąd,помилка,блонd
186,naprawić,виправити; полагодити,направіч
187,usunąć,видалити; усунути,усуньонч
188,pozostawić,залишити,позоставіч
189,zmodyfikować,змінити; модифікувати,змодифіковач
190,dostosować,адаптувати; налаштувати,достосовач
191,przywrócić,відновити,пшивручич
192,zabezpieczenie,захист; забезпечення,забезпеченє
193,uproszczenie,спрощення,упрошченє
194,skomplikowany,складний,скомпліковани
195,prosty,простий,прости
196,wydajność,продуктивність; ефективність,видайнощч
197,jakość,якість,якошч
198,niezawodny,надійний; безвідмовний,нєзаводни
199,awaria,аварія; збій,аварія
200,rozwiązany,вирішений,розвйонзани
201,plan,план,план
202,strategia,стратегія,стратегія
203,celowy,цільовий; навмисний,целови
204,niecelowy,недоцільний; безцільний,нєцелови
205,priorytetowy,пріоритетний,пріоритетови
206,zasób,ресурс; запас,засуб
207,dostęp,доступ,достемп
208,ogólny,загальний,огульни
209,szczegółowy,детальний; докладний,щчегулови
210,ramy,межі; рамки,рами
211,limit,ліміт; обмеження,ліміт
212,eliminować,усувати; виключати,еліміновач
213,zastąpić,замінити,застемпіч
214,utrudnić,ускладнити,утрудніч
215,ułatwić,полегшити,улавіч
216,skupić,зосередити,скупіч
217,rozproszyć,розсіяти; відволікти,розпрошич
218,zarządzać,керувати; управляти,зажонджач
219,kontrola,контроль,контроль
220,nadzór,нагляд,надзур
221,monitorować,моніторити; відстежувати,моніторовач
222,analiza,аналіз,аналіза
223,wniosek,висновок; заява,вньосек
224,podsumowanie,підсумок,подсумованє
225,raport,звіт; доповідь,рапорт
226,dokument,dokument; документ,документ
227,załącznik,додаток,заулончнік
228,podstawa,підстава; основа,подстава
229,uzależnić,залежати; поставити в залежність,узалєжніч
230,warunkować,обумовлювати,варунковач
231,przewidywalny,передбачуваний,пшевідівальни
232,nieprzewidywalny,непередбачуваний,нєпшевідівальни
233,skala,масштаб; шкала,скала
234,zakresowy,обмежений рамками,закресови
235,powiązany,пов’язаний,повйонзани
236,niepowiązany,непов’язаний,нєповйонзани
237,niezbędność,необхідність,нєзбенднощч
238,opcja,варіант; опція,опця
239,wybór,вибір,вибур
240,konfiguracja,налаштування; конфігурація,конфіґураця
241,ustawienie,налаштування; установка,уставєнє
242,domyślny,типовий; за замовчуванням,домишльни
243,niestandardowy,нетиповий; нестандартний,нєстандартови
244,dedykowany,призначений; виділений,дедиковани
245,integracja,інтеграція,інтеграція
246,kompatybilny,сумісний,компатибільни
247,niekompatybilny,несумісний,нєкомпатибільни
248,aktualizacja,оновлення; актуалізація,актуалізація
249,wersja,версія,версія
250,wdrożony,впроваджений,вдрошони
251,środowisko,середовище,шродовіско
252,otoczenie,оточення; середовище,оточенє
253,zależność,залежність,залєжнощч
254,interakcja,взаємодія,інтеракція
255,komunikacja,комунікація; спілкування,комунікація
256,przekaz,передача; повідомлення,пшекaз
257,informacja,інформація,інформація
258,powiadomienie,сповіщення; повідомлення,повядомєнє
259,reakcja,реакція,реакція
260,odpowiedź,відповідь,одповєдж
261,zgoda,згода; дозвіл,зґода
262,brakować,бракувати; не вистачати,браковач
263,dostarczenie,доставка; надання,достарчeнє
264,obsługa,обслуговування,обсвуга
265,wsparcie,підтримка,вспарчє
266,pomoc,допомога,помоц
267,interwencja,втручання,інтервенція
268,naprawa,ремонт; виправлення,направa
269,utrzymanie,підтримка; утримання,утшіманє
270,konserwacja,обслуговування; догляд,консервація
271,zabezpieczenie,захист; забезпечення,забезпеченє
272,awaryjny,аварійний,аварийни
273,standardowy,стандартний,стандартови
274,niestandardowy,нестандартний,нєстандартови
275,dedykowany,призначений; виділений,дедиковани
276,wydzielony,виділений,видзєльони
277,zastrzeżony,зарезервований; обмежений,застжежони
278,ograniczony,обмежений,огранічони
279,rozszerzony,розширений,рошшержони
280,podstawowy,базовий; основний,подставови
281,zaawansowany,просунутий; розширений,завансовани
282,wydajny,продуктивний,видайни
283,niewydajny,непродуктивний,нєвидайни
284,obciążenie,навантаження,обчонженє
285,przepustowość,пропускна здатність,пшепустовощч
286,optymalizacja,оптимізація,оптималізація
287,wydajność,продуктивність; ефективність,видайнощч
288,stabilność,стабільність,стабільнощч
289,niestabilność,нестабільність,нєстабільнощч
290,niezawodność,надійність; безвідмовність,нєзаводнощч
291,awaria,аварія; збій,аварія
292,przestój,простій; зупинка,пшестуй
293,opóźnienie,затримка,опужнєнє
294,przywracanie,відновлення,пшивраченє
295,odtwarzanie,відтворення,одтвашаньє
296,kopia,копія; резерв,копія
297,zapasowy,резервний,запасови
298,bezpieczeństwo,безпека,безпеченьство
299,zagrożenie,загроза,загроженє
300,ochrona,захист,охрона
301,dostępność,доступність,достемпнощч
302,ograniczenie,обмеження,огранічeнє
303,uproszczony,спрощений,упрошчони
304,złożony,складний; комплексний,зложони
305,kompleksowy,комплексний,комплексoви
306,szczególny,особливий,щчегульни
307,typowy,типовий,типови
308,wyjątkowy,винятковий,вийонткови
309,rzeczywisty,реальний; фактичний,жечивісти
310,pozorny,удаваний; видимий,позорни
311,pewny,певний; впевнений,певни
312,niepewny,непевний,нєпевни
313,zaufanie,довіра,зауфаньє
314,wiarygodność,достовірність; надійність,вяріґоднощч
315,odpowiedzialny,відповідальний,одповєджальни
316,kompetencja,компетенція; повноваження,компетенця
317,kwalifikacja,кваліфікація,кваліфікація
318,doświadczenie,досвід,дошвядченє
319,umiejętność,навичка; уміння,умєйентнощч
320,praktyka,практика,практика
321,teoria,теорія,теорія
322,wdrożenie,впровадження,вдрошенє
323,zarządzanie,управління; керування,зажонджанє
324,koordynacja,координація,координація
325,nadzór,нагляд,надзур
326,delegować,делегувати,делєґовач
327,odpowiednik,відповідник; аналог,одповєднік
328,zastępstwo,заміна; заступництво,застемпство
329,współpraca,співпраця,вспулпраца
330,partnerstwo,партнерство,партнерство
331,relacja,відносини; зв’язок,реляція
332,porozumiewać,порозуміватися,порозумєвач
333,negocjacja,переговори; домовленість,неґоцяція
334,ustępstwo,поступка,устемпство
335,konflikt,конфлікт,конфлікт
336,rozstrzygnąć,вирішити; остаточно визначити,рошчшигноньч
337,rozwiązanie,рішення; розв’язання,розвйонзанє
338,kompromis,компроміс,компроміс
339,korzyść,користь; вигода,кожищч
340,strata,втрата,страта
341,efektywność,ефективність,ефективнощч
342,opłacalny,вигідний; рентабельний,опуачальни
343,nierentowny,нерентабельний,нєрентoвни
344,zasadność,обґрунтованість,засаднощч
345,uzasadniony,обґрунтований,узасадньони
346,nieuzasadniony,необґрунтований,нєузасадньони
347,potrzeba,потреба,потршебa
348,zapotrzebowanie,потреба; запит,запотршебованє
349,oczekiwany,очікуваний,очеківани
350,nieoczekiwany,неочікуваний,нєочеківани
351,realny,реальний; здійсненний,реальни
352,nierealny,нереальний; нездійсненний,нєреальни
353,osiągalność,досяжність,осягальність
354,nieosiągalny,недосяжний,нєосягальний
355,skuteczność,ефективність; дієвість,скутечность
356,nieskuteczność,неефективність,нєскутечность
357,zależny,залежний,залєжни
358,niezależny,незалежний,нєзалєжни
359,eliminacja,усунення; ліквідація,елімінація
360,ograniczać,обмежувати,огранічач
361,umożliwić,уможливити; дозволити,уможлівіч
362,uniemożliwić,унеможливити; завадити,унєможлівіч
363,przewidywalność,передбачуваність,пшевідівальність
364,nieprzewidywalność,непередбачуваність,нєпшевідівальність
365,adekwatny,відповідний; адекватний,адекватни
366,nieadekwatny,невідповідний; неадекватний,нєадекватни
367,zastosowanie,застосування,застосованє
368,wykorzystanie,використання,використанє
369,nadużycie,зловживання,надужичє
370,legalny,законний,леґальни
371,nielegalny,незаконний,нєлеґальни
372,uprawniony,уповноважений; правомірний,управньони
373,nieuprawniony,неуповноважений,нєуправньони
374,odpowiedzialność,відповідальність,одповєджальність
375,bezpośredni,безпосередній,безпошредні
376,pośredni,опосередкований,пошредні
377,konkretny,конкретний,конкретни
378,ogólnikowy,загальний; нечіткий,огульнікови
379,precyzyjny,точний; прецизійний,прецижийни
380,nieprecyzyjny,неточний,нєпрецижийни
381,zrozumiały,зрозумілий,зрозумяли
382,niezrozumiały,незрозумілий,нєзрозумяли
383,jasny,ясний; зрозумілий,ясни
384,niejasny,неясний; нечіткий,нєясни
385,spójny,узгоджений; цілісний,спуйни
386,niespójny,неузгоджений,нєспуйни
387,logiczny,логічний,лоґічни
388,nielogiczny,нелогічний,нєлоґічни
389,uzasadnienie,обґрунтування,узасаднєнє
390,wnioskować,робити висновок,вньосковач
391,potwierdzenie,підтвердження,потвєрдженє
392,zaprzeczenie,заперечення,запжеченє
393,interpretacja,тлумачення; інтерпретація,інтерпретація
394,nadmierny,надмірний,надмєрни
395,niewystarczający,недостатній,нєвистарчонци
396,optymalny,оптимальний,оптимальни
397,nieoptymalny,неоптимальний,нєоптимальни
398,kluczowy,ключовий,клю́чови
399,poboczny,другорядний,побочни
400,istota,сутність; суть,істота
401,czynność,дія; операція,чиннощч
402,działanie,дія; діяльність,джялaнє
403,aktywność,активність,активнощч
404,pasywny,пасивний,пасивни
405,reaktywny,реактивний,реактивни
406,planowanie,планування,планованє
407,realizacja,реалізація,реалізація
408,wdrażanie,впровадження,вдражанє
409,oczekiwać,очікувати,очеківач
410,przewidzieć,передбачити,пшевідзєч
411,założyć,припустити; закласти,зауожич
412,przyjąć,прийняти,пшиянч
413,odrzucić,відхилити,оджучич
414,zaakceptować,схвалити; прийняти,заакцептовач
415,ocenić,оцінити,оценіч
416,porównać,порівняти,порувнач
417,analizować,аналізувати,аналізовач
418,wnioskować,робити висновок,вньосковач
419,uzasadnić,обґрунтувати,узасадніч
420,potwierdzić,підтвердити,потвєрджич
421,zakwestionować,поставити під сумнів,заквестіоновач
422,zaakceptowany,схвалений; прийнятий,заакцептовани
423,odrzucony,відхилений,оджучони
424,obowiązujący,чинний; обов’язковий,обовйо́нзуйонци
425,nieważny,недійсний,нєважни
426,aktualizacja,оновлення,актуалізація
427,zaktualizować,оновити,зактуалізовач
428,zmiana,зміна,змяна
429,modyfikacja,модифікація,модифікація
430,dostosowanie,адаптація; налаштування,достосованє
431,konfiguracja,конфігурація,конфіґурація
432,ustawienie,налаштування,уставєнє
433,domyślny,за замовчуванням,домишльни
434,ręczny,ручний,ренчни
435,automatyczny,автоматичний,автоматични
436,warstwa,шар; рівень,варства
437,poziom,рівень,позйом
438,strukturalny,структурний,структуральни
439,logika,логіка,лоґіка
440,mechanizm,механізм,механізм
441,algorytm,алгоритм,алґоритм
442,procesowy,процесний,процесови
443,etapowy,поетапний,етапови
444,sekwencja,послідовність,секвенця
445,zależny,залежний,залєжни
446,niezależny,незалежний,нєзалєжни
447,równoległy,паралельний,рувнолегли
448,separacja,відокремлення; поділ,сепарація
449,integracja,інтеграція,інтеграція
450,synchronizacja,синхронізація,синхронізація
451,asynchroniczny,асинхронний,асинхронічни
452,synchroniczny,синхронний,синхронічни
453,opóźnienie,затримка,опужнєнє
454,czasowy,часовий,часови
455,terminowość,своєчасність,терміновощч
456,priorytetyzacja,пріоритезація,пріоритизація
457,kolejka,черга,колєйка
458,zadanie,завдання,заданє
459,wykonanie,виконання,виконанє
460,postęp,прогрес; поступ,поступ
461,zakończenie,завершення,закончeнє
462,anulowanie,скасування,анульованє
463,powtórzenie,повторення,повторенє
464,obszar,область; сфера,обшар
465,zakres,обсяг; діапазон,закрес
466,granica,межа; кордон,ґраніца
467,przekroczyć,перевищити,пшекрочич
468,osiągnąć,досягти,осягноньч
469,utrzymać,утримати; зберегти,утшимаць
470,zachować,зберегти; дотриматись,заховач
471,utrata,втрата,утрата
472,odzyskać,повернути; відновити,одзискач
473,zwiększenie,збільшення,звєнкшенє
474,zmniejszenie,зменшення,змнєйшенє
475,wzrost,зростання,взрост
476,spadek,падіння; спад,спадек
477,stagnacja,стагнація; застій,стаґнація
478,trend,тенденція; тренд,тренд
479,prognoza,прогноз,проґноза
480,scenariusz,сценарій,сценарюш
481,alternatywny,альтернативний,альтернатиўни
482,docelowy,цільовий; кінцевий,доцелови
483,pośredni,проміжний,пошредні
484,końcowy,кінцевий,концовий
485,wstępny,попередній,встемпни
486,dodatkowy,додатковий,додаткови
487,opcjonalny,необов’язковий,опціональний
488,obowiązkowy,обов’язковий,обовйонзкови
489,ograniczony,обмежений,огранічони
490,nieograniczony,необмежений,нєогранічони
491,dostępny,доступний,достемпни
492,niedostępny,недоступний,нєдостемпни
493,publiczny,публічний,публічни
494,prywatny,приватний,приватни
495,zastrzeżony,зарезервований,застжежони
496,wspólny,спільний,вспульни
497,indywidualny,індивідуальний,індивідуальний
498,globalny,глобальний,ґлобальний
499,lokalny,локальний,локальний
500,ogólnodostępny,загальнодоступний,огульнодостемпни
501,użytkownik,користувач,ужитковнік
502,administrator,адміністратор,адміністратор
503,operator,оператор,оператор
504,uprawnienie,дозвіл; повноваження,управнєнє
505,autoryzacja,авторизація,авторизація
506,uwierzytelnienie,автентифікація,увєжительнєнє
507,dostępność,доступність,достемпнощч
508,logowanie,вхід; логування,лоґованє
509,wylogowanie,вихід,вилoґованє
510,profil,профіль,профіль
511,ustawienia,налаштування,уставєня
512,preferencja,налаштування; вподобання,преференця
513,konfiguracja,конфігурація,конфіґурація
514,uprawniony,уповноважений,управньони
515,nieuprawniony,неуповноважений,нєуправньони
516,bezpieczeństwo,безпека,безпеченьство
517,zagrożenie,загроза,загроженє
518,ochrona,захист,охрона
519,naruszenie,порушення,нарушенє
520,incydent,інцидент,інцидент
521,monitoring,моніторинг; нагляд,моніторинг
522,rejestr,реєстр; журнал,реєстр
523,zapis,запис; фіксація,запис
524,odczyt,читання; зчитування,одчит
525,modyfikacja,модифікація; зміна,модифікація
526,usunięcie,видалення,усунєнє
527,przywrócenie,відновлення,пшивручeнє
528,archiwizacja,архівація,архівізація
529,kopia,zапасна копія; копія,копія
530,przechowywanie,зберігання,пшеховиванє
531,zapisany,збережений; записаний,записани
532,odczytany,прочитаний,одчитани
533,aktywny,активний,активни
534,nieaktywny,неактивний,нєактивни
535,domyślny,типовий; за замовчуванням,домишльни
536,niestandardowy,нестандартний,нєстандартови
537,obsługa,обслуговування,обсвуга
538,wsparcie,підтримка,вспарчє
539,dokumentacja,документація,документація
540,instrukcja,інструкція,інструкція
541,procedura,процедура,процедура
542,regulamin,регламент; правила,реґуламін
543,zgodność,відповідність,зґоднощч
544,niezgodność,невідповідність,нєзґоднощч
545,wymaganie,вимога,вимаганє
546,spełnienie,виконання; дотримання,спевнєнє
547,niespełnienie,невиконання,нєспевнєнє
548,zatwierdzenie,затвердження,затвєрдженє
549,odrzucenie,відхилення,оджучeнє
550,akceptacja,прийняття; схвалення,акцептація
551,komunikat,повідомлення; оголошення,комунікат
552,powiadomić,повідомити; сповістити,повядоміч
553,alert,сповіщення; тривога,алерт
554,wiadomość,повідомлення,вядомощч
555,odpowiedzieć,відповісти,одповєджєч
556,zapytanie,запит; звернення,запитанє
557,żądanie,вимога,жонданє
558,prośba,прохання,просьба
559,skarga,скарга,скарґa
560,reklamacja,претензія; рекламація,рекламaція
561,rozpatrzenie,розгляд,рошпатшенє
562,decyzja,рішення,децизйя
563,postanowienie,постанова; рішення,постанoвєнє
564,odwołanie,оскарження; апеляція,одвоуанє
565,apelacja,апеляція,апеляція
566,rozstrzygnięcie,остаточне рішення,рошчшигньонцє
567,wyrok,вирок; рішення суду,вирок
568,umorzenie,припинення; закриття,уморшенє
569,rozliczenie,розрахунок; звіт,рошліченє
570,rachunek,рахунок,рахунок
571,faktura,рахунок-фактура,фактура
572,płatność,платіж,платнощч
573,opłata,оплата; збір,оплата
574,koszt,вартість; витрата,кост
575,wydatek,витрата,видатек
576,przychód,дохід,пшичуд
577,zysk,прибуток,зиск
578,strata,збиток; втрата,страта
579,rozliczyć,розрахувати; врегулювати,рошлічич
580,uregulować,врегулювати; оплатити,уреґуловач
581,zaległość,заборгованість,залєґлощч
582,termin płatności,строк оплати,термін пватнощч
583,zwrot,повернення,зврут
584,refundacja,відшкодування,рефундація
585,rozliczenie końcowe,остаточний розрахунок,рошліченє концове
586,budżet,бюджет,буджет
587,finansowanie,фінансування,фінансованє
588,środki,кошти; ресурси,шродкі
589,kapitał,капітал,капітау
590,inwestycja,інвестиція,інвестиція
591,opłacalność,рентабельність; вигідність,опуачальнощч
592,rynek,ринок,ринек
593,konkurencja,конкуренція,конкуренція
594,oferta,пропозиція,оферта
595,umowa,договір,умова
596,warunki umowy,умови договору,варункі умови
597,negocjować,вести переговори,нєґоцйовач
598,kontrakt,контракт; угода,контракт
599,realizacja umowy,виконання договору,реалізація умови
600,wypowiedzenie,розірвання; повідомлення,виповєдженє
601,obowiązywać,діяти; бути чинним,обовйонзувати
602,ważność,чинність; важливість,важнощч
603,nieważność,недійсність,нєважнощч
604,przedłużyć,продовжити,пшедлужич
605,skrócić,скоротити,скручич
606,odstąpić,відмовитись; відступити,одстемпіч
607,zobowiązać,зобов’язати,зобовйонзач
608,egzekwować,вимагати виконання,еґзеквовач
609,przestrzegać,дотримуватись,пшестшегач
610,naruszać,порушувати,нарушач
611,odpowiedzialność prawna,юридична відповідальність,одповєджальність правна
612,sankcja,санкція; стягнення,санкція
613,kara,покарання; штраф,кара
614,mandat,штраф; мандат,мандат
615,odszkodowanie,відшкодування,одшкодованє
616,roszczenie,вимога; позов,рошченє
617,pozew,позов,позев
618,spór,спір; конфлікт,спур
619,strona,сторона,строна
620,postępowanie,провадження; процедура,постемпованє
621,organ,орган,орган
622,właściwy,відповідний; компетентний,влашчіви
623,niewłaściwy,невідповідний,нєвлашчіви
624,kompetentny,компетентний,компетентни
625,upoważnić,уповноважити,уповажніч
626,pełnomocnik,довірена особа; представник,пелномоцнік
627,reprezentować,представляти,репрезентоваć
628,zaświadczenie,довідка; сертифікат,защвядченє
629,potwierdzenie odbioru,підтвердження отримання,потвєрдженє одбіору
630,termin składania,кінцевий строк подання,термін складаня
631,wniesienie,подання; внесення,вньєшенє
632,złożenie,подання; складання,зложенє
633,odrzucenie wniosku,відхилення заяви,оджученє вньоску
634,rozpatrzyć,розглянути,рошпатшич
635,przyjąć do rozpatrzenia,прийняти до розгляду,пшиянч до рошпатшеня
636,pozostawić bez rozpatrzenia,залишити без розгляду,позоставіч без рошпатшеня
637,uchylić,скасувати,ухиліч
638,zmienić,змінити,змєніч
639,utrzymać w mocy,залишити в силі,утшимаć в моци
640,opublikować,опублікувати,опубліковач
641,ogłoszenie,оголошення,оглошенє
642,wejść w życie,набрати чинності,вєйшч в жицє
643,obowiązujący od,чинний з,обовйонзуйонци од
644,termin wejścia,дата набрання чинності,термін вєйшча
645,akt prawny,правовий акт,акт правни
646,przepis,норма; припис,пшепіс
647,artykuł,стаття,артикул
648,paragraf,параграф,параґраф
649,ustawa,закон,устава
650,rozporządzenie,постанова; розпорядження,розпоржондзенє
651,wytyczne,настанови; вказівки,витичнє
652,rekomendacja,рекомендація,рекомендація
653,interpretować,тлумачити; інтерпретувати,інтерпретовач
654,stosować,застосовувати,стосовач
655,wdrażać,впроваджувати,вдражач
656,egzekucja,примусове виконання; стягнення,еґзекуція
657,nadzwyczajny,надзвичайний,надзвичайни
658,wyjątkowo,винятково,вийонтково
659,standardowo,зазвичай; стандартно,стандартово
660,częściowy,частковий,ченщчови
661,całkowity,повний; цілковитий,цалковіти
662,ograniczyć,обмежити,огранічич
663,rozszerzyć,розширити,рошшержич
664,zawęzić,звузити,завенжич
665,dopuszczalny,допустимий,допущчальний
666,niedopuszczalny,неприпустимий,нєдопущчальний
667,równoważny,еквівалентний; рівнозначний,рувноважни
668,nieproporcjonalny,непропорційний,нєпропорціональний
669,uzasadniony,обґрунтований,узасадньони
670,bezpodstawny,безпідставний,безподставни
671,zasadny,обґрунтований; слушний,засадни
672,bezzasadny,безпідставний,беззасадни
673,sprawiedliwy,справедливий,справєдлівий
674,niesprawiedliwy,несправедливий,нєсправєдлівий
675,równość,рівність,рувнощч
676,nierówność,нерівність,нєрувнощч
677,ochrona danych,захист даних,охрона даних
678,prywatność,приватність,приватнощч
679,poufność,конфіденційність,пуфнощч
680,ujawnienie,розкриття; оприлюднення,уявнєнє
681,nadużycie danych,зловживання даними,надужичє даних
682,bezpieczeństwo informacji,інформаційна безпека,безпеченьство інформації
683,ryzyko operacyjne,операційний ризик,ризико операційне
684,zarządzanie ryzykiem,управління ризиками,зажонджанє ризиком
685,plan awaryjny,аварійний план,план аварийни
686,ciągłość działania,безперервність діяльності,чонґлощч джялaня
687,odporność,стійкість,одпорнощч
688,awaryjność,аварійність,аварийнощч
689,niezawodność systemu,надійність системи,нєзаводнощч системи
690,przeciążenie,перевантаження,пшечонженє
691,skalowanie,масштабування,скалованє
692,automatyzacja,автоматизація,автоматизація
693,manualny,ручний,мануальний
694,wydzielić,виділити,видзєльич
695,przypisać,призначити,пшиписач
696,odłączyć,від’єднати,одлончич
697,podłączyć,під’єднати,подлончич
698,aktywować,активувати,активовач
699,dezaktywować,деактивувати,деактивовач
700,stan,стан,стан
701,status,статус,статус
702,warunek wstępny,попередня умова,варунек встемпни
703,założenie,припущення; основа,зауоженє
704,scenariusz alternatywny,альтернативний сценарій,сценарюш альтернативни
705,konsekwentny,послідовний,консеквентни
706,niespójność,неузгодженість,нєспуйнощч
707,spójność,узгодженість; цілісність,спуйнощч
708,przejrzystość,прозорість,пшежистощч
709,nieprzejrzysty,непрозорий,нєпшежисти
710,jednoznaczny,однозначний,єднозначни
711,wieloznaczny,багатозначний,вєлозначни
712,interpretować błędnie,тлумачити неправильно,інтерпретовач блeнєнє
713,doprecyzować,уточнити,допрецижовач
714,wyjaśnić,пояснити,вияшніч
715,skorygować,виправити; скоригувати,скориговач
716,uzupełnić,доповнити,узупеунич
717,pominąć,пропустити,поміньонч
718,uwzględnić,врахувати,увзґлендніч
719,zignorować,проігнорувати,зiґнороваć
720,potwierdzić ponownie,підтвердити повторно,потвєрджич поновнє
721,zaakceptować warunkowo,схвалити умовно,заакцептовач варунково
722,odrzucić częściowo,відхилити частково,оджучич ченщчово
723,wdrożyć pilotażowo,впровадити пілотно,вдрошич пілотажово
724,uruchomić,запустити,урухоміч
725,zatrzymać,зупинити,затшимаць
726,wznowić,відновити,взновіч
727,tymczasowy,тимчасовий,тимчасови
728,docelowo,зрештою; в перспективі,доцелово
729,przejściowy,перехідний,пшейшчови
730,finalny,фінальний; остаточний,фінальни
731,etap końcowy,завершальний етап,етап концови
732,warunki końcowe,кінцеві умови,варункі концове
733,rozliczenie etapu,підсумок етапу,рошліченє етапу
734,podsumować,підсумувати,подсумовач
735,zaakceptować wynik,схвалити результат,заакцептовач виник
736,odrzucić wynik,відхилити результат,оджучич виник
737,przekazać dalej,передати далі,пшекaзач далєй
738,oddelegować,делегувати,одделеґовач
739,zatwierdzić formalnie,затвердити формально,затвєрджич формально
740,obowiązywać natychmiast,набирати чинності негайно,обовйонзувач натихмяст
741,termin obowiązywania,строк дії,термін обовйонзування
742,utracić ważność,втратити чинність,утрачич важность
743,przedłużenie terminu,продовження строку,пшедлуженє терміну
744,skrócenie terminu,скорочення строку,скручeнє терміну
745,przywrócenie terminu,відновлення строку,пшивручeнє терміну
746,termin ostateczny,остаточний строк,термін остаточни
747,niedotrzymanie terminu,порушення строку,нєдотршиманє терміну
748,odpowiedzialność za termin,відповідальність за строки,одповєджальність за термін
749,kontrola terminów,контроль строків,контроль термінув
750,zarządzanie czasem,управління часом,зажонджанє часем
751,łyżka,ложка,лижка
752,widelec,вилка,відєлец
753,nóż,ніж,нуж
754,talerz,тарілка,талєж
755,szklanka,склянка,шклянка
756,kubek,чашка; кухоль,кубек
757,miska,миска,міска
758,garnek,каструля,ґарнек
759,patelnia,пательня,пателня
760,czajnik,чайник,чайнік
761,stół,стіл,стул
762,krzesło,стілець,кшесло
763,kanapa,диван,канапа
764,łóżko,ліжко,лужко
765,szafa,шафа,шафа
766,półka,полиця,пулка
767,lodówka,холодильник,лодувка
768,piekarnik,духовка,пєкарнік
769,kuchenka,плита,кухенка
770,zlew,мийка,злев
771,łazienka,ванна кімната,важєнка
772,prysznic,душ,пришніц
773,wanna,ванна,ванна
774,ręcznik,рушник,ренчнік
775,mydło,мило,мидло
776,szczoteczka,зубна щітка,шчотечка
777,pasta,зубна паста,паста
778,grzebień,гребінець,ґжебєнь
779,ubranie,одяг,убранє
780,koszula,сорочка,кошуля
781,spodnie,штани,споднє
782,sukienka,сукня,сукєнка
783,buty,взуття,бути
784,kurtka,куртка,куртка
785,czapka,шапка,чапка
786,skarpetki,шкарпетки,скарпетки
787,torebka,сумка,торебка
788,plecak,рюкзак,плецак
789,portfel,гаманець,портфел
790,klucz,ключ,клю́ч
791,drzwi,двері,джві
792,okno,вікно,окно
793,ściana,стіна,щчяна
794,podłoga,підлога,подлоґа
795,sufit,стеля,суфіт
796,lampa,лампа,лампа
797,żarówka,лампочка,жарувка
798,telefon,телефон,телефон
799,ładowarka,зарядка,ладоварка
800,pilot,пульт,пілот
801,głowa,голова,глова
802,twarz,обличчя,тфаш
803,oko,око,око
804,ucho,вухо,ухо
805,nos,ніс,нос
806,usta,губи; рот,уста
807,ząb,зуб,зомб
808,język,язик,єнзик
809,szyja,шия,шия
810,ramię,плече; рука,рамєнє
811,łokieć,лікоть,локєч
812,nadgarstek,зап’ястя,надгарстек
813,dłoń,долоня,длонь
814,palec,палець,палєц
815,paznokieć,ніготь,пазнокєч
816,plecy,спина,плеци
817,klatka piersiowa,груди,клятка пєрсьова
818,brzuch,живіт,бжух
819,noga,нога,нога
820,kolano,коліно,коляно
821,stopa,ступня,стопа
822,pięta,п’ята,пєнта
823,skóra,шкіра,скура
824,włosy,волосся,влоси
825,broda,борода,брода
826,rodzina,сім’я,родзіна
827,ojciec,батько,ойцєц
828,matka,мати,матка
829,rodzice,батьки,родзіце
830,syn,син,син
831,córka,дочка,цурка
832,brat,брат,брат
833,siostra,сестра,сьостра
834,dziadek,дідусь,джядек
835,babcia,бабуся,бабця
836,wnuk,онук,внук
837,wnuczka,онука,внучка
838,mąż,чоловік,монж
839,żona,дружина,жона
840,dziecko,дитина,джєцко
841,ludzie,люди,луджє
842,człowiek,людина,чловєк
843,znajomy,знайомий,знайоми
844,sąsiad,сусід,сонсяд
845,pracować,працювати,працовач
846,odpoczywać,відпочивати,одпочивaч
847,spać,спати,спач
848,wstać,встати,встач
849,iść,йти,ішч
850,wrócić,повернутися,вручич
851,jeść,їсти,єшч
852,pić,пити,піч
853,gotować,готувати,ґотовач
854,smażyć,смажити,смажич
855,gotowy,готовий,ґотови
856,śniadanie,сніданок,шняданє
857,obiad,обід,обяд
858,kolacja,вечеря,коляція
859,chleb,хліб,хлєб
860,bułka,булка,булка
861,masło,масло,масло
862,ser,сир,сер
863,jajko,яйце,яйко
864,mleko,молоко,млєко
865,mięso,м’ясо,мєнсо
866,kurczak,курка; курятина,курчак
867,ryba,риба,риба
868,warzywa,овочі,важива
869,owoce,фрукти,овоцe
870,jabłko,яблуко,яблко
871,banan,банан,банан
872,ziemniak,картопля,жємняк
873,ryż,рис,риж
874,makaron,макарони,макарон
875,zupa,суп,зупа
876,sól,сіль,суль
877,cukier,цукор,цукір
878,pieprz,перець,пєпш
879,woda,вода,вода
880,sok,сік,сок
881,kawa,кава,кава
882,herbata,чай,хербата
883,ciasto,тістечко; торт,чясто
884,deser,десерт,десер
885,smaczny,смачний,смачни
886,głodny,голодний,ґлодни
887,syt,ситий,сит
888,kupować,купувати,купoвач
889,płacić,платити,плачич
890,cena,ціна,цена
891,tani,дешевий,тані
892,drogi,дорогий,дроґі
893,sklep,магазин,склеп
894,rynek,ринок,ринек
895,kolejka,черга,колєйка
896,paragon,чек,параґон
897,torba,пакет; сумка,торба
898,ważyć,важити,важич
899,kilogram,кілограм,кілограм
900,litr,літр,літр
901,miasto,місто,място
902,ulica,вулиця,улiца
903,plac,площа,пляц
904,skrzyżowanie,перехрестя,скшижованє
905,chodnik,тротуар,ходнік
906,przystanek,зупинка,пшистанек
907,autobus,автобус,аутобус
908,tramwaj,трамвай,трамвай
909,metro,метро,метро
910,pociąg,поїзд,почонґ
911,dworzec,вокзал,дворец
912,bilet,квиток,білет
913,kierunek,напрямок,кєрунек
914,mapa,карта,мапа
915,centrum,центр,центрум
916,blisko,близько,бліско
917,dalej,далі,далєй
918,prosto,прямо,просто
919,lewo,ліво,лєво
920,prawo,право,право
921,skręcić,повернути,скренчич
922,przejście,перехід,пшейшчє
923,światło,світло,швятло
924,zebra,пішохідний перехід,зебра
925,most,міст,мост
926,rzeka,річка,жeка
927,park,парк,парк
928,sklep spożywczy,продуктовий магазин,склеп споживчи
929,apteka,аптека,аптeка
930,szpital,лікарня,шпіталь
931,szkoła,школа,школа
932,przedszkole,дитячий садок,пшедшколе
933,urząd,установа; офіс,уржонд
934,poczta,пошта,пошта
935,bank,банк,банк
936,restauracja,ресторан,рестауpація
937,kawiarnia,кав’ярня,кафярня
938,hotel,готель,хотел
939,hostel,хостел,хостел
940,parking,парковка,паркінґ
941,stacja,станція,стація
942,wejście,вхід,вєйшчє
943,wyjście,вихід,вийшчє
944,otwarte,відкрито,отвартe
945,zamknięte,зачинено,замкнєнтe
946,godzina,година,годзіна
947,dzisiaj,сьогодні,джісяй
948,jutro,завтра,ютро
949,wczoraj,вчора,вчорай
950,zawsze,завжди,завше
951,nigdy,ніколи,ніґди
952,czasem,іноді,часем
953,często,часто,ченсто
954,rano,вранці,рано
955,wieczór,вечір,вєчур
956,noc,ніч,ноц
957,tydzień,тиждень,тиджень
958,miesiąc,місяць,мєсьонц
959,rok,рік,рок
960,pogoda,погода,погода
961,słońce,сонце,своньце
962,deszcz,дощ,дешч
963,śnieg,сніг,шнєґ
964,wiatr,вітер,вятр
965,ciepło,тепло,чєпло
966,zimno,холодно,жимно
967,ładny,гарний,ладни
968,brzydki,поганий; некрасивий,бжидкі
969,łatwy,легкий,латви
970,trudny,складний,трудни
971,szybko,швидко,шибко
972,wolno,повільно,вольнo
973,dobrze,добре,добже
974,źle,погано,зле
975,raz,раз; один раз,раз
976,ile,скільки,іле
977,dlaczego,чому,длячего
978,ponieważ,тому що,понєваж
979,jeżeli,якщо,єжелі
980,albo,або,альбо
981,też,теж,теж
982,tylko,тільки,тилько
983,wszystko,все,вшистко
984,coś,щось,цош
985,nic,нічого,ніц
986,ktoś,хтось,ктось
987,nikt,ніхто,нікт
988,proszę,будь ласка; прошу,проше
989,dziękuję,дякую,джєнкую
990,przepraszam,перепрошую; вибачте,пшепрашам
991,smacznego,смачного,смачнеґо
992,na zdrowie,будьмо; на здоров’я,на здоровє
993,do zobaczenia,до побачення,до зобаченя
994,cześć,привіт; па-па,чешч
995,dzień dobry,добрий день,джень добри
996,dobranoc,на добраніч,добраноц
997,gotowe,готово,готове
998,potrzebować,потребувати,потршебовач
999,wystarczyć,вистачити,вистарчич
1000,udać się,вдалося; пощастило,удач ше
1001,otwierać,відкривати,отвєрач
1002,zamykać,закривати,замикaч
1003,włączać,вмикати,влончач
1004,wyłączać,вимикати,вилончач
1005,brać,брати,брач
1006,dawać,давати,давач
1007,nieść,нести,нєшч
1008,kłaść,класти,клашч
1009,szukać,шукати,шукач
1010,znaleźć,знайти,зналєшч
1011,gubić,губити,ґубіч
1012,myć,мити,мич
1013,sprzątać,прибирати,спшонтaч
1014,odkurzać,пилососити,одкуржач
1015,zamiatać,підмітати,замятач
1016,prasować,прасувати,прасовач
1017,prać,прати,прач
1018,wieszać,вивішувати,вєшач
1019,składać,складати,склaдач
1020,naprawiać,ремонтувати,направяч
1021,popsuć,зламати,попсуч
1022,działać,працювати; діяти,джялaч
1023,przestać,припинити,пшестач
1024,zacząć,почати,зачоншч
1025,kończyć,закінчувати,кончич
1026,czytać,читати,читач
1027,pisać,писати,пісaч
1028,słuchać,слухати,свухач
1029,mówić,говорити,мувіч
1030,pytać,питати,питач
1031,odpowiadać,відповідати,одповядайч
1032,uczyć się,вчитися,учич ше
1033,pamiętać,пам’ятати,паментaч
1034,zapomnieć,забути,запомнєч
1035,rozumieć,розуміти,розумєч
1036,nie rozumieć,не розуміти,нє розумєч
1037,lubić,любити,любіч
1038,nie lubić,не любити,нє любіч
1039,chcieć,хотіти,хчєч
1040,móc,могти; мати змогу,муц
1041,musieć,мусити,мушєч
1042,potrzebować,потребувати,потршебовач
1043,próbować,пробувати,пробовач
1044,udać się,вдалося; пощастило,удач ше
1045,spotkać,зустріти,споткач
1046,odwiedzić,відвідати,одвєджич
1047,zostać,залишитись; стати,зостач
1048,wracać,повертатися,врацач
1049,wychodzić,виходити,виходжич
1050,wchodzić,входити,входжич
1051,kanapka,бутерброд,канапка
1052,sałatka,салат,сауатка
1053,zupa dnia,суп дня,зупа дня
1054,danie,страва,данє
1055,porcja,порція,порця
1056,menu,меню,меню
1057,rachunek,рахунок,рахунок
1058,napiwek,чайові,напівек
1059,stołówka,їдальня,стувувка
1060,przerwa obiadowa,обідня перерва,пшэрва обядова
1061,biuro,офіс,бюро
1062,biurko,письмовий стіл,бюрко
1063,krzesło biurowe,офісний стілець,кшесло бюрове
1064,komputer,комп’ютер,компютер
1065,klawiatura,клавіатура,клавіатура
1066,myszka,миша (комп’ютерна),мишкa
1067,drukarka,принтер,друкарка
1068,papier,папір,папєр
1069,dokument,документ,документ
1070,teczka,папка,течка
1071,segregator,реєстратор; папка,сеґреґатор
1072,notatka,нотатка,нотатка
1073,termin spotkania,час зустрічі,термін спотканя
1074,zebranie,нарада,зебранє
1075,przełożony,керівник,пшэложони
1076,współpracownik,колега,вспулпрацовнік
1077,klient,клієнт,клієнт
1078,umówić się,домовитися,умувіч ше
1079,odwołać spotkanie,скасувати зустріч,одвоуач спотканє
1080,urząd,установа,уржонд
1081,urzędnik,службовець,уржонднік
1082,okienko,віконце (в установі),окєнко
1083,kolejność,черговість,колєйнощч
1084,formularz,бланк; форма,формулярш
1085,wniosek,заява,вньосек
1086,podpis,підпис,подпіс
1087,pieczątka,печатка,пєчонтка
1088,zaświadczenie,довідка,защвядченє
1089,dowód osobisty,посвідчення особи,довуд особісти
1090,paszport,паспорт,пашпорт
1091,adres,адреса,адрес
1092,numer telefonu,номер телефону,нумер телефону
1093,godziny otwarcia,години роботи,ґодзіни отварча
1094,kasa,каса,каса
1095,opłata skarbowa,державний збір,опуата скарбова
1096,termin wizyty,дата візиту,термін візити
1097,czekać,чекати,чекач
1098,złożyć dokumenty,подати документи,зложич документі
1099,odebrać dokument,забрати документ,одебрач документ
1100,sprawa urzędowa,офіційна справа,справа уржондова
1101,zamówienie,замовлення,замувєнє
1102,zamówić,замовити,замувіч
1103,rezerwacja,бронювання; резервування,резервація
1104,rezerwować,бронювати,резервовач
1105,dostawa,доставка,достава
1106,dostarczyć,доставити,достарчич
1107,na miejscu,на місці,на мєйсцу
1108,na wynos,на виніс,на винос
1109,otwarty,відкритий,отварти
1110,zamknięty,зачинений,замкнєнти
1111,godzina pracy,робочий час,ґодзіна працы
1112,dyżur,чергування,дижур
1113,zmiana,зміна,змяна
1114,przerwa,перерва,пшэрва
1115,obowiązki,обов’язки,обовйонки
1116,zakres obowiązków,коло обов’язків,закрес обовйонзкув
1117,stanowisko,посада,становіско
1118,etat,ставка; повна зайнятість,етат
1119,część etatu,неповна ставка,ченщч етату
1120,wynagrodzenie,зарплата; винагорода,винаґродзенє
1121,lista obecności,табель; список присутніх,ліста обецнощчі
1122,podpisywać,підписувати,подписивaч
1123,skan,скан,скан
1124,kopia dokumentu,копія документа,копя документу
1125,oryginał,оригінал,оригінау
1126,termin ważności,строк дії,термін важності
1127,przedłużenie,продовження,пшедлуженє
1128,wypełnić,заповнити,випеунич
1129,puste pole,порожнє поле,пусте поле
1130,błąd w formularzu,помилка в бланку,блонd в формуляжу
1131,poprawić,виправити,поправіч
1132,złożyć wniosek,подати заяву,зложич вньосек
1133,odebrać numer,взяти номерок,одебрач нумер
1134,wywołać numer,викликати номер,вивоуач нумер
1135,czytelny,читабельний; розбірливий,чительни
1136,nieczytelny,нерозбірливий,нєчительни
1137,komplet dokumentów,повний пакет документів,комплет документув
1138,brak dokumentu,відсутність документа,брак документу
1139,dodatkowy dokument,додатковий документ,додаткови документ
1140,opłacić,оплатити,опуачич
1141,potwierdzenie wpłaty,підтвердження оплати,потвєрдженє впуати
1142,kasa samoobsługowa,касa самообслуговування,каса самообслуговaня
1143,paragon fiskalny,фіскальний чек,параґон фіскальний
1144,faktura VAT,рахунок-фактура ПДВ,фактура ват
1145,termin realizacji,строк виконання,термін реалізації
1146,odebrać osobiście,забрати особисто,одебрач особішчє
1147,wysłać pocztą,надіслати поштою,висуач почтою
1148,poczta elektroniczna,електронна пошта,пошта електронічна
1149,załącznik do maila,вкладення до листа,заулончнік до майла
1150,sprawdzić status,перевірити статус,справджич статус
1151,potwierdzić wizytę,підтвердити візит,потвєрджич візит
1152,odwołać wizytę,скасувати візит,одвоуач візит
1153,zmienić termin,змінити дату,змєніч термін
1154,czekać w kolejce,стояти в черзі,чекач в колєйцє
1155,pierwszeństwo,першочерговість,пєрвшеньство
1156,obsługa klienta,обслуговування клієнтів,обсвуга клієнта
1157,informacja,довідка; інформація,інформація
1158,punkt informacyjny,інформаційне вікно,пункт інформaційни
1159,formularz online,онлайн-форма,формулярш онлайн
1160,złożyć online,подати онлайн,зложич онлайн
1161,podpis elektroniczny,електронний підпис,подпіс електронічни
1162,profil zaufany,довірений профіль,профіль зауфани
1163,dane osobowe,персональні дані,данє особове
1164,PESEL,PESEL (персональний номер),песель
1165,numer sprawy,номер справи,нумер справи
1166,status sprawy,статус справи,статус справи
1167,rozpatrywanie,розгляд (процесу),рошпатшиванє
1168,decyzja odmowna,відмова,децизйя одмовна
1169,decyzja pozytywna,позитивне рішення,децизйя позитивна
1170,termin odbioru,дата отримання,термін одбіору
1171,pokwitowanie,квитанція; підтвердження,поквітованє
1172,odbiór osobisty,особисте отримання,одбіур особісти
1173,wysłać list,надіслати лист,висуач ліст
1174,list polecony,рекомендований лист,ліст полецони
1175,potwierdzenie nadania,підтвердження відправлення,потвєрдженє надання
1176,adres zamieszkania,адреса проживання,адрес замєшканя
1177,meldunek,реєстрація місця проживання,мелдунек
1178,zameldować się,зареєструватися,замелдовач ше
1179,wymeldować się,знятися з реєстрації,вимелдовач ше
1180,czas pobytu,строк перебування,час побиту
1181,karta pobytu,карта побиту,карта побиту
1182,zezwolenie,дозвіл,зезволенє
1183,przedłużenie pobytu,продовження перебування,пшедлуженє побиту
1184,odmowa wydania,відмова у видачі,одмова виданя
1185,uzupełnić dokumenty,доповнити документи,узупеунич документі
1186,brak formalny,формальна помилка,брак формальний
1187,wezwać do uzupełnienia,викликати для доповнення,везвач до узупеуня
1188,termin odpowiedzi,строк відповіді,термін одповєджі
1189,udzielić informacji,надати інформацію,удзєліч інформaції
1190,urzędowe godziny,офіційні години прийому,уржондове ґодзіни
1191,dyżur popołudniowy,післяобіднє чергування,дижур пополудньови
1192,przerwa techniczna,технічна перерва,пшэрва технічна
1193,brak systemu,збій системи,брак системи
1194,awaria systemu,аварія системи,аварія системи
1195,naprawa systemu,ремонт системи,направa системи
1196,ponowne uruchomienie,повторний запуск,поновне урухомєнє
1197,czas oczekiwania,час очікування,час очеківаня
1198,wydłużony czas,подовжений час,видлужони час
1199,przyjąć interesanta,прийняти відвідувача,пшиянч інтересанта
1200,zamknąć sprawę,закрити справу,замкноньч справу